topologyNodes,accuracy_mean,accuracy_std,precision_macro_mean,precision_macro_std,recall_macro_mean,recall_macro_std,f1_macro_mean,f1_macro_std,roc_auc_macro_mean,roc_auc_macro_std,roc_auc_global
36,0.999748427672956,0.0,0.999748743718593,0.0,0.999748427672956,0.0,0.9997484275734454,0.0,1.0,0.0,1.0
49,0.9987421383647799,0.0,0.9987443490980624,0.0,0.9987421383647799,0.0,0.998742136372688,0.0,0.9999996044460266,0.0,0.9999996044460266
64,0.999245283018868,0.0,0.9992468616608765,0.0,0.9992452830188678,0.0,0.9992452821232728,0.0,0.9999994857798347,0.0,0.9999994857798347
100,0.999245283018868,0.0,0.9992468616608765,0.0,0.9992452830188678,0.0,0.9992452821232728,0.0,0.99999940666904,0.0,0.99999940666904
